"Soccer Scores ESPN"," www.espn.com/scores "," Real-time Soccer Game scores on ESPN "
"Association football - Wikipedia"," https://en.wikipedia.org/wiki/Association_football "," Association football, more commonly known as football or soccer, is a team sport played with a spherical ball between two teams of eleven players. It is played ... "
"FIFA - Soccer News, Scores, Stats, Standings, and Rumors - CBS Sports"," https://www.cbssports.com/soccer/ "," CBS Sports has the latest Soccer news, live scores, player stats, standings, fantasy games, and projections. "
"SOCCER.COM® Official Site | Largest Soccer Gear Selection"," https://www.soccer.com/ "," Footwear, Apparel, Equipment &amp; More From Your Favorite Brands At SOCCER.COM®! "
"Soccer | FOX Sports"," https://www.foxsports.com/soccer "," Find live Soccer scores, Soccer player; team news, Soccer videos, rumors, stats, standings, team schedules; fantasy games on FOX Sports. "
"Live Soccer Scores, Fixtures &amp; Results | Goal.com"," https://www.goal.com/en-us/live-scores "," Get the latest live soccer scores, results &amp; fixtures from across the world, including UEFA Champions League, powered by Goal.com. "
"Watch Live Soccer Games Online | Start Your 7-Day Free Trial"," https://www.fubo.tv/lp/soccer "," Watch the Best of Live Soccer with fuboTV. Stream over 100 live channels with fuboTV. Start a 7 Day Free Trial. The Top Soccer Leagues. Never Miss A Game w/ DVR. Brands: FOX, NBC, CBS, TNT, beIN SPORTS. "
"Find NYC Soccer League | Manhattan, Brooklyn, Queens | ZogSports"," https://www.zogsports.com/nyc/sports/soccer.aspx "," NYC soccer league with trained referees, great field locations and divisions for every skill level. "
"MLS Soccer"," https://www.mlssoccer.com/ "," Colorado RapidsFC DallasHouston DynamoLos Angeles FCLA GalaxyMinnesota United FCPortland TimbersReal Salt LakeSan Jose EarthquakesSeattle ... "
"Soccer - City Parks FoundationCity Parks Foundation"," https://cityparksfoundation.org/soccer/ "," Soccer is about teamwork, running, and agility. Our program teaches and celebrates all. Our coaches will be joined by those from the NYC Football Club to teach ... "
